date,per,close,eps
2022-08-31,12.82,28091.529296875,2191.2269342336194
2022-09-01,12.64,27661.470703125,2188.4074923358385
2022-09-02,12.63,27650.83984375,2189.2984832739508
2022-09-05,12.6,27619.609375,2192.0324900793653
2022-09-06,12.59,27626.509765625,2194.3216652601272
2022-09-07,12.51,27430.30078125,2192.669926558753
2022-09-08,12.79,28065.279296875,2194.314253078577
2022-09-09,12.83,28214.75,2199.1231488698363
2022-09-12,12.92,28542.109375,2209.14159249226
2022-09-13,12.95,28614.630859375,2209.624004584942
2022-09-14,12.68,27818.619140625,2193.8974085666405
2022-09-15,12.71,27875.91015625,2193.226605527144
2022-09-16,12.62,27567.650390625,2184.441393868859
2022-09-20,12.67,27688.419921875,2185.352795728098
2022-09-21,12.49,27313.130859375,2186.7999086769414
2022-09-22,12.46,27153.830078125,2179.28010257825
2022-09-26,12.11,26431.55078125,2182.621864677952
2022-09-27,12.17,26571.869140625,2183.3910551047657
2022-09-28,12.02,26173.98046875,2177.5358127079867
2022-09-29,12.18,26422.05078125,2169.2980936986864
2022-09-30,11.95,25937.2109375,2170.4779027196655
2022-10-03,12.18,26215.7890625,2152.3636340311987
2022-10-04,12.57,26992.2109375,2147.351705449483
2022-10-05,12.58,27120.529296875,2155.844936158585
2022-10-06,12.64,27311.30078125,2160.704175731804
2022-10-07,12.53,27116.109375,2164.094922186752
2022-10-11,12.29,26401.25,2148.1895850284786
2022-10-12,12.28,26396.830078125,2149.578996589984
2022-10-13,12.19,26237.419921875,2152.3724300143563
2022-10-14,12.5,27090.759765625,2167.26078125
2022-10-17,12.38,26775.7890625,2162.826257067851
2022-10-18,12.52,27156.140625,2169.0208166932907
2022-10-19,12.54,27257.380859375,2173.634837270734
2022-10-20,12.5,27006.9609375,2160.556875
2022-10-21,12.41,26890.580078125,2166.847709760274
2022-10-24,12.45,26974.900390625,2166.6586659136547
2022-10-25,12.6,27250.279296875,2162.7205791170636
2022-10-26,12.67,27431.83984375,2165.101802979479
2022-10-27,12.58,27345.240234375,2173.7074908088234
2022-10-28,12.5,27105.19921875,2168.4159375
2022-10-31,12.78,27587.4609375,2158.6432658450703
2022-11-01,12.81,27678.919921875,2160.727550497658
2022-11-02,12.74,27663.390625,2171.3807397959185
2022-11-04,12.53,27199.740234375,2170.769372256584
2022-11-07,12.53,27527.640625,2196.938597366321
2022-11-08,12.71,27872.109375,2192.927566876475
2022-11-09,12.57,27716.4296875,2204.966562251392
2022-11-10,12.48,27446.099609375,2199.2066994691504
2022-11-11,12.72,28263.5703125,2221.9787981525155
2022-11-14,12.49,27963.470703125,2238.868751251001
2022-11-15,12.62,27990.169921875,2217.9215468997622
2022-11-16,12.61,28028.30078125,2222.7042649682794
2022-11-17,12.62,27930.5703125,2213.1989154120447
2022-11-18,12.63,27899.76953125,2209.0078805423595
2022-11-21,12.74,27944.7890625,2193.4685292386184
2022-11-22,12.89,28115.740234375,2181.205603908068
2022-11-24,13.02,28383.08984375,2179.9608174923196
2022-11-25,13.01,28283.029296875,2173.9453725499616
2022-11-28,12.93,28162.830078125,2178.0997740235885
2022-11-29,12.86,28027.83984375,2179.4587747861588
2022-11-30,12.83,27968.990234375,2179.9680619154324
2022-12-01,12.84,28226.080078125,2198.2928409754672
2022-12-02,12.62,27777.900390625,2201.1014572603012
2022-12-05,12.58,27820.400390625,2211.478568412162
2022-12-06,12.61,27885.869140625,2211.409130898097
2022-12-07,12.59,27686.400390625,2199.0786648629864
2022-12-08,12.53,27574.4296875,2200.6727603751
2022-12-09,12.66,27901.009765625,2203.871229512243
2022-12-12,12.63,27842.330078125,2204.460022020982
2022-12-13,12.69,27954.849609375,2202.9038305260046
2022-12-14,12.77,28156.2109375,2204.871647415818
2022-12-15,12.75,28051.69921875,2200.1332720588234
2022-12-16,12.58,27527.119140625,2188.1652734996023
2022-12-19,12.48,27237.640625,2182.5032552083335
2022-12-20,12.28,26568.029296875,2163.520301048453
2022-12-21,12.21,26387.720703125,2161.156486742424
2022-12-22,12.3,26507.869140625,2155.1113122459346
2022-12-23,12.23,26235.25,2145.155355682747
2022-12-26,12.26,26405.869140625,2153.822931535481
2022-12-27,12.28,26447.869140625,2153.7352720378667
2022-12-28,12.27,26340.5,2146.7400162999184
2022-12-29,12.17,26093.669921875,2144.097775010271
2022-12-30,12.15,26094.5,2147.695473251029
2023-01-04,12.01,25716.859375,2141.2872085761865
2023-01-05,12.02,25820.80078125,2148.1531431988356
2023-01-06,12.07,25973.849609375,2151.934516103977
2023-01-10,12.1,26175.560546875,2163.2694666838843
2023-01-11,12.22,26446.0,2164.1571194762682
2023-01-12,12.27,26449.8203125,2155.649577220864
2023-01-13,12.22,26119.51953125,2137.4402235065463
2023-01-16,12.1,25822.3203125,2134.0760588842977
2023-01-17,12.22,26138.6796875,2139.008157733224
2023-01-18,12.45,26791.119140625,2151.8971197289156
2023-01-19,12.3,26405.23046875,2146.7667047764226
2023-01-20,12.38,26553.529296875,2144.8731257572695
2023-01-23,12.5,26906.0390625,2152.483125
2023-01-24,12.8,27299.189453125,2132.7491760253906
2023-01-25,12.89,27395.009765625,2125.2916808087666
2023-01-26,12.87,27362.75,2126.0878010878014
2023-01-27,12.9,27382.560546875,2122.6791121608526
2023-01-30,12.91,27433.400390625,2124.972919490705
2023-01-31,12.77,27327.109375,2139.94591816758
2023-02-01,12.74,27346.880859375,2146.5369591346152
2023-02-02,12.73,27402.05078125,2152.5570134524746
2023-02-03,12.78,27509.4609375,2152.539979460094
2023-02-06,12.84,27693.650390625,2156.826354410047
2023-02-07,12.87,27685.470703125,2151.1632247960374
2023-02-08,12.93,27606.4609375,2135.0704514694507
2023-02-09,12.97,27584.349609375,2126.781003035852
2023-02-10,13.02,27670.98046875,2125.267317108295
2023-02-13,13.04,27427.3203125,2103.3221098542945
2023-02-14,13.1,27602.76953125,2107.0816436068703
2023-02-15,13.1,27501.859375,2099.3785782442746
2023-02-16,13.18,27696.439453125,2101.3990480367984
2023-02-17,13.07,27513.130859375,2105.0597444051264
2023-02-20,13.11,27531.939453125,2100.071659277269
2023-02-21,13.1,27473.099609375,2097.183176288168
2023-02-22,12.95,27104.3203125,2092.9977075289576
2023-02-24,13.03,27453.48046875,2106.9440114159634
2023-02-27,13.05,27423.9609375,2101.4529454022986
2023-02-28,13.03,27445.560546875,2106.336189322717
2023-03-01,13.06,27516.529296875,2106.931799148162
2023-03-02,13.04,27498.869140625,2108.808983176764
2023-03-03,13.21,27927.470703125,2114.115874574186
2023-03-06,13.33,28237.779296875,2118.363038025131
2023-03-07,13.39,28309.16015625,2114.201654686333
2023-03-08,13.42,28444.189453125,2119.537217073398
2023-03-09,13.6,28623.150390625,2104.6434110753676
2023-03-10,13.33,28143.970703125,2111.3256341429105
2023-03-13,13.12,27832.9609375,2121.4147056021343
2023-03-14,12.76,27222.0390625,2133.3886412617553
2023-03-15,12.83,27229.48046875,2122.3289531371784
2023-03-16,12.67,27010.609375,2131.855514996054
2023-03-17,12.81,27333.7890625,2133.78525078064
2023-03-20,12.63,26945.669921875,2133.465552009105
2023-03-22,12.87,27466.609375,2134.157682595183
2023-03-23,12.82,27419.609375,2138.8150838533543
2023-03-24,12.8,27385.25,2139.47265625
2023-03-27,12.84,27476.869140625,2139.9430794879286
2023-03-28,12.89,27518.25,2134.8525989138866
2023-03-29,13.06,27883.779296875,2135.0520135432616
2023-03-30,13.09,27782.9296875,2122.45452158136
2023-03-31,13.23,28041.48046875,2119.5374503968255
2023-04-03,13.53,28188.150390625,2083.381403593866
2023-04-04,13.57,28287.419921875,2084.5556316783345
2023-04-05,13.31,27813.259765625,2089.651372323441
2023-04-06,13.16,27472.630859375,2087.58593156345
2023-04-07,13.18,27518.310546875,2087.883956515554
2023-04-10,13.26,27633.66015625,2083.986437122926
2023-04-11,13.36,27923.369140625,2090.0725404659433
2023-04-12,13.48,28082.69921875,2083.2862921921364
2023-04-13,13.48,28156.970703125,2088.79604622589
2023-04-14,13.56,28493.470703125,2101.2883999354717
2023-04-17,13.63,28514.779296875,2092.0601098220836
2023-04-18,13.73,28658.830078125,2087.3146451656953
2023-04-19,13.74,28606.759765625,2082.0058053584426
2023-04-20,13.73,28657.5703125,2087.2228923889293
2023-04-21,13.67,28564.369140625,2089.5661404992684
2023-04-24,13.66,28593.51953125,2093.2298339128843
2023-04-25,13.61,28620.0703125,2102.8707062821454
2023-04-26,13.51,28416.470703125,2103.3657071151
2023-04-27,13.65,28457.6796875,2084.8116987179487
2023-04-28,13.69,28856.439453125,2107.848024333455
2023-05-01,13.9,29123.1796875,2095.1927832733813
2023-05-02,13.67,29157.94921875,2132.988238386979
2023-05-08,13.69,28949.880859375,2114.6735470690287
2023-05-09,14.08,29242.8203125,2076.904851740057
2023-05-10,14.52,29122.1796875,2005.6597580922867
2023-05-11,14.42,29126.720703125,2019.8835439060333
2023-05-12,14.49,29388.30078125,2028.178107746722
2023-05-15,14.51,29626.33984375,2041.7877218297726
2023-05-16,14.17,29842.990234375,2106.068471021524
2023-05-17,14.21,30093.58984375,2117.7754992083037
2023-05-18,14.37,30573.9296875,2127.6221076896313
2023-05-19,14.4,30808.349609375,2139.4687228732637
2023-05-22,14.76,31086.8203125,2106.153137703252
2023-05-23,14.67,30957.76953125,2110.277404993183
2023-05-24,14.2,30682.6796875,2160.7520906690143
2023-05-25,14.15,30801.130859375,2176.7583646201415
2023-05-26,14.17,30916.310546875,2181.814435206422
2023-05-29,14.29,31233.5390625,2185.6920267669702
2023-05-30,14.3,31328.16015625,2190.780430506993
2023-05-31,14.09,30887.880859375,2192.184589025905
2023-06-01,14.23,31148.009765625,2188.897383388967
2023-06-02,14.45,31524.220703125,2181.606969074395
2023-06-05,14.72,32217.4296875,2188.68408203125
2023-06-06,14.85,32506.779296875,2189.0087068602693
2023-06-07,14.63,31913.740234375,2181.3903099367735
2023-06-08,14.53,31641.26953125,2177.6510344975914
2023-06-09,14.77,32265.169921875,2184.507103715301
2023-06-12,14.85,32434.0,2184.107744107744
2023-06-13,15.05,33018.6484375,2193.9301287375415
2023-06-14,15.3,33502.421875,2189.700776143791
2023-06-15,15.29,33485.48828125,2190.025394457162
2023-06-16,15.33,33706.078125,2198.700464774951
2023-06-19,15.23,33370.421875,2191.0979563361784
2023-06-20,15.19,33388.91015625,2198.08493457867
2023-06-21,15.26,33575.140625,2200.2058076671037
2023-06-22,15.27,33264.87890625,2178.446555746562
2023-06-23,15.05,32781.5390625,2178.175352990033
2023-06-26,15.03,32698.810546875,2175.5695639970063
2023-06-27,15.0,32538.330078125,2169.2220052083335
2023-06-28,15.31,33193.98828125,2168.1246427988244
2023-06-29,15.29,33234.140625,2173.58669882276
2023-06-30,15.24,33189.0390625,2177.758468667979
2023-07-03,15.47,33753.328125,2181.8570216548155
2023-07-04,15.36,33422.51953125,2175.945281982422
2023-07-05,15.36,33338.69921875,2170.48823038737
2023-07-06,15.16,32773.01953125,2161.808676203826
2023-07-07,14.99,32388.419921875,2160.6684404186126
2023-07-10,14.89,32189.73046875,2161.835491521155
2023-07-11,14.83,32203.5703125,2171.5151930209036
2023-07-12,14.74,31943.9296875,2167.1594089213027
2023-07-13,14.89,32419.330078125,2177.25521008227
2023-07-14,14.85,32391.259765625,2181.2296138468014
2023-07-18,14.93,32493.890625,2176.415982920295
2023-07-19,15.12,32896.03125,2175.6634424603176
2023-07-20,15.01,32490.51953125,2164.5915743670885
2023-07-21,15.02,32304.25,2150.749001331558
2023-07-24,15.15,32700.939453125,2158.477851691419
2023-07-25,15.17,32682.509765625,2154.417255479565
2023-07-26,15.14,32668.33984375,2157.750319930647
2023-07-27,15.22,32891.16015625,2161.048630502628
2023-07-28,15.22,32759.23046875,2152.3804512976344
2023-07-31,15.41,33172.21875,2152.6423588578846
2023-08-01,15.45,33476.578125,2166.7688106796118
2023-08-02,15.21,32707.689453125,2150.406933144313
2023-08-03,15.0,32159.279296875,2143.951953125
2023-08-04,15.06,32192.75,2137.632802124834
2023-08-07,15.08,32254.560546875,2138.8965879890584
2023-08-08,15.13,32377.2890625,2139.939792630535
2023-08-09,15.03,32204.330078125,2142.6699985445775
2023-08-10,15.17,32473.650390625,2140.649333594265
2023-08-14,15.01,32059.91015625,2135.90340814457
2023-08-15,15.08,32238.890625,2137.8574685013264
2023-08-16,14.86,31766.8203125,2137.7402632907133
2023-08-17,14.81,31626.0,2135.449020931803
2023-08-18,14.72,31450.759765625,2136.600527556046
2023-08-21,14.74,31565.640625,2141.4952934192675
2023-08-22,14.91,31856.7109375,2136.6003311535883
2023-08-23,14.98,32010.259765625,2136.8664730056744
2023-08-24,15.05,32287.2109375,2145.329630398671
2023-08-25,14.89,31624.279296875,2123.8602617108795
2023-08-28,15.13,32169.990234375,2126.238614301057
2023-08-29,15.14,32226.970703125,2128.5978007348085
2023-08-30,15.21,32333.4609375,2125.8028229783035
2023-08-31,15.34,32619.33984375,2126.4237186277705
2023-09-01,15.45,32710.619140625,2117.1921773867316
2023-09-04,15.65,32939.1796875,2104.7399161341855
2023-09-05,15.67,33036.76171875,2108.280901005105
2023-09-06,15.77,33241.01953125,2107.8642695783133
2023-09-07,15.72,32991.078125,2098.6690919211196
2023-09-08,15.55,32606.83984375,2096.9028838424438
2023-09-11,15.57,32467.759765625,2085.2767993336543
2023-09-12,15.71,32776.37109375,2086.3380708943346
2023-09-13,15.72,32706.51953125,2080.567400206743
2023-09-14,15.91,33168.1015625,2084.732970615965
2023-09-15,16.09,33533.08984375,2084.0950804070853
2023-09-19,16.11,33242.58984375,2063.4754713687153
2023-09-20,15.96,33023.78125,2069.159226190476
2023-09-21,15.8,32571.029296875,2061.4575504351264
2023-09-22,15.74,32402.41015625,2058.602932417408
2023-09-25,15.78,32678.619140625,2070.8884119534223
2023-09-26,15.68,32315.05078125,2060.9088508450254
2023-09-27,15.73,32371.900390625,2057.9720528051494
2023-09-28,15.5,31872.51953125,2056.2915826612902
2023-09-29,15.35,31857.619140625,2075.414927728013
2023-10-02,15.36,31759.880859375,2067.7005767822266
2023-10-03,15.09,31237.939453125,2070.10864500497
2023-10-04,14.68,30526.880859375,2079.48779696015
2023-10-05,14.97,31075.359375,2075.842309619238
2023-10-06,14.95,30994.669921875,2073.222068352843
2023-10-10,15.3,31746.529296875,2074.936555351307
2023-10-11,15.3,31936.509765625,2087.353579452614
2023-10-12,15.55,32494.66015625,2089.6887560289388
2023-10-13,15.33,32315.990234375,2108.022846338878
2023-10-16,15.1,31659.029296875,2096.624456746689
2023-10-17,15.23,32040.2890625,2103.7615930728825
2023-10-18,15.24,32042.25,2102.509842519685
2023-10-19,15.01,31430.619140625,2093.978623625916
2023-10-20,14.95,31259.359375,2090.9270484949834
2023-10-23,14.83,30999.55078125,2090.327092464599
2023-10-24,14.82,31062.349609375,2095.9750073802293
2023-10-25,14.93,31269.919921875,2094.4353598040857
2023-10-26,14.77,30601.779296875,2071.887562415369
2023-10-27,14.98,30991.689453125,2068.8711250417223
2023-10-30,14.81,30696.9609375,2072.7184967927074
2023-10-31,14.89,30858.849609375,2072.4546413280723
2023-11-01,15.21,31601.650390625,2077.689046063445
2023-11-02,14.81,31949.890625,2157.3187457798786
2023-11-06,14.99,32708.48046875,2182.0200446130752
2023-11-07,14.8,32271.8203125,2180.5283994932433
2023-11-08,14.57,32166.48046875,2207.7200047185997
2023-11-09,14.76,32646.4609375,2211.8198467140924
2023-11-10,14.69,32568.109375,2217.0258253914226
2023-11-13,14.68,32585.109375,2219.6940991144415
2023-11-14,14.72,32695.9296875,2221.190875509511
2023-11-15,14.85,33519.69921875,2257.2188026094277
2023-11-16,14.85,33424.41015625,2250.802030723906
2023-11-17,14.98,33585.19921875,2242.002618074099
2023-11-20,14.83,33388.03125,2251.384440323668
2023-11-21,14.78,33354.140625,2256.70775541272
2023-11-22,14.84,33451.828125,2254.166315700809
2023-11-24,14.93,33625.53125,2252.21240790355
2023-11-27,14.87,33447.671875,2249.3390635507735
2023-11-28,14.82,33408.390625,2254.2773701079623
2023-11-29,14.74,33321.21875,2260.5982869742197
2023-11-30,14.85,33486.890625,2255.00946969697
2023-12-01,14.9,33431.51171875,2243.725618708054
2023-12-04,14.76,33231.26953125,2251.441025152439
2023-12-05,14.63,32775.8203125,2240.315810833903
2023-12-06,14.92,33445.8984375,2241.6822009048255
2023-12-07,14.72,32858.30859375,2232.2220512058425
2023-12-08,14.48,32307.859375,2231.205757941989
2023-12-11,14.69,32791.80078125,2232.2532866746087
2023-12-12,14.66,32843.69921875,2240.361474675989
2023-12-13,14.66,32926.3515625,2245.9994244542972
2023-12-14,14.44,32686.25,2263.5907202216067
2023-12-15,14.52,32970.55078125,2270.6990896177685
2023-12-18,14.42,32758.98046875,2271.773957610957
2023-12-19,14.53,33219.390625,2286.2622591190643
2023-12-20,14.7,33675.94140625,2290.880367772109
2023-12-21,14.53,33140.46875,2280.8306090846527
2023-12-22,14.58,33169.05078125,2274.9691893861454
2023-12-25,14.59,33254.03125,2279.23449280329
2023-12-26,14.59,33305.8515625,2282.7862619945167
2023-12-27,14.76,33681.23828125,2281.9267128218157
2023-12-28,14.72,33539.62109375,2278.506867781929
2023-12-29,14.74,33464.171875,2270.2965993894163
2024-01-04,14.81,33288.2890625,2247.690010972316
2024-01-05,14.93,33377.421875,2235.594231413262
2024-01-09,15.02,33763.1796875,2247.881470539281
2024-01-10,15.24,34441.71875,2259.9552985564305
2024-01-11,15.53,35049.859375,2256.9130312298776
2024-01-12,15.63,35577.109375,2276.206613883557
2024-01-15,15.82,35901.7890625,2269.3924818268015
2024-01-16,15.71,35619.1796875,2267.293423774666
2024-01-17,15.67,35477.75,2264.055520102106
2024-01-18,15.64,35466.171875,2267.658048273657
2024-01-19,15.76,35963.26953125,2281.9333458914975
2024-01-22,15.99,36546.94921875,2285.612834193246
2024-01-23,15.97,36517.5703125,2286.6355862554788
2024-01-24,15.89,36226.48046875,2279.828852658905
2024-01-25,15.9,36236.46875,2279.023191823899
2024-01-26,15.68,35751.0703125,2280.0427495216836
2024-01-29,15.88,36026.94140625,2268.6990809981107
2024-01-30,15.87,36065.859375,2272.5809310018903
2024-01-31,16.04,36286.7109375,2262.2637741583544
2024-02-01,15.87,36011.4609375,2269.1531781663516
2024-02-02,16.05,36158.01953125,2252.8361078660437
2024-02-05,16.26,36354.16015625,2235.803207641451
2024-02-06,16.16,36160.66015625,2237.6646136293316
2024-02-07,16.01,36119.921875,2256.0850640224858
2024-02-08,15.96,36863.28125,2309.7294016290725
2024-02-09,16.07,36897.421875,2296.0436761045426
2024-02-13,16.29,37963.96875,2330.507596685083
2024-02-14,16.13,37703.3203125,2337.4656114383138
2024-02-15,16.06,38157.94140625,2375.9614823318807
2024-02-16,16.27,38487.23828125,2365.5340062231103
2024-02-19,16.33,38470.37890625,2355.810098361911
2024-02-20,16.28,38363.609375,2356.487062346437
2024-02-21,16.25,38262.16015625,2354.5944711538464
2024-02-22,16.47,39098.6796875,2373.933192926533
2024-02-26,16.57,39233.7109375,2367.7556389559445
2024-02-27,16.59,39239.51953125,2365.2513279837253
2024-02-28,16.56,39208.03125,2367.634737318841
2024-02-29,16.56,39166.19140625,2365.108176705918
2024-03-01,16.8,39910.8203125,2375.644066220238
2024-03-04,16.8,40109.23046875,2387.4541945684523
2024-03-05,16.88,40097.62890625,2375.4519494223937
2024-03-06,16.92,40090.78125,2369.4315159574467
2024-03-07,16.82,39598.7109375,2354.263432669441
2024-03-08,16.86,39688.94140625,2354.0297393979836
2024-03-11,16.45,38820.48828125,2359.9081022036476
2024-03-12,16.37,38797.51171875,2370.0373682803906
2024-03-13,16.32,38695.96875,2371.0765165441176
2024-03-14,16.38,38807.37890625,2369.192851419414
2024-03-15,16.45,38707.640625,2353.0480623100307
2024-03-18,16.79,39740.44140625,2366.9113404556283
2024-03-19,16.98,40003.6015625,2355.9247092167257
2024-03-21,17.29,40815.66015625,2360.6512525303647
2024-03-22,17.38,40888.4296875,2352.6139060701958
2024-03-25,17.16,40414.12109375,2355.135261873543
2024-03-26,17.18,40398.03125,2351.456999417928
2024-03-27,17.29,40762.73046875,2357.589963490457
2024-03-28,17.0,40168.0703125,2362.8276654411766
2024-03-29,17.07,40369.44140625,2364.935056019332
2024-04-01,16.92,39803.08984375,2352.4284777630023
2024-04-02,16.88,39838.91015625,2360.125009256517
2024-04-03,16.82,39451.8515625,2345.5321975326992
2024-04-04,16.98,39773.140625,2342.352215842167
2024-04-05,16.76,38992.078125,2326.496308174224
2024-04-08,16.93,39347.0390625,2324.1015394270526
2024-04-09,17.11,39773.12890625,2324.554582481005
2024-04-10,17.01,39581.80859375,2326.9728744121103
2024-04-11,17.01,39442.62890625,2318.790647045855
2024-04-12,17.07,39523.55078125,2315.3808307703575
2024-04-15,17.05,39232.80078125,2301.044034090909
2024-04-16,16.69,38471.19921875,2305.0448902786097
2024-04-17,16.47,37961.80078125,2304.9059369307834
2024-04-18,16.53,38079.69921875,2303.6720640502117
2024-04-19,16.21,37068.3515625,2286.7582703578037
2024-04-22,16.43,37438.609375,2278.673729458308
2024-04-23,16.46,37552.16015625,2281.4192075486026
2024-04-24,16.75,38460.078125,2296.124067164179
2024-04-25,16.44,37628.48046875,2288.8370114811432
2024-04-26,16.54,37934.76171875,2293.51642797763
2024-04-30,17.04,38405.66015625,2253.8532955545775
2024-05-01,16.86,38274.05078125,2270.1097735023727
2024-05-02,16.76,38236.0703125,2281.388443466587
2024-05-07,17.74,38835.1015625,2189.126356397971
2024-05-08,16.6,38202.37109375,2301.34765625
2024-05-09,17.45,38073.98046875,2181.8899982091693
2024-05-10,17.19,38229.109375,2223.915612274578
2024-05-13,17.34,38179.4609375,2201.8143562572086
2024-05-14,17.38,38356.05859375,2206.907859249137
2024-05-15,17.15,38385.73046875,2238.235012755102
2024-05-16,16.5,38920.26171875,2358.803740530303
2024-05-17,16.55,38787.37890625,2343.6482722809665
2024-05-20,16.69,39069.6796875,2340.903516327142
2024-05-21,16.51,38946.9296875,2358.990289975772
2024-05-22,16.38,38617.1015625,2357.576407967033
2024-05-23,16.5,39103.21875,2369.8920454545455
2024-05-24,16.42,38646.109375,2353.5998401339825
2024-05-27,16.57,38900.01953125,2347.6173525196136
2024-05-28,16.58,38855.37109375,2343.5085098763575
2024-05-29,16.43,38556.87109375,2346.735915626902
2024-05-30,16.25,38054.12890625,2341.792548076923
2024-05-31,16.52,38487.8984375,2329.775934473366
2024-06-03,16.69,38923.03125,2332.116911324146
2024-06-04,16.61,38837.4609375,2338.197527844672
2024-06-05,16.36,38490.171875,2352.6999923594135
2024-06-06,16.43,38703.51171875,2355.661090611686
2024-06-07,16.4,38683.9296875,2358.7762004573174
2024-06-10,16.57,39038.16015625,2355.954143406759
2024-06-11,16.54,39134.7890625,2366.0694717351876
2024-06-12,16.41,38876.7109375,2369.086589731871
2024-06-13,16.27,38720.46875,2379.869007375538
2024-06-14,16.33,38814.55859375,2376.8866254592776
2024-06-17,16.03,38102.44140625,2376.945814488459
2024-06-18,16.13,38482.109375,2385.7476363918167
2024-06-19,16.22,38570.76171875,2377.9754450524047
2024-06-20,16.2,38633.01953125,2384.7542920524693
2024-06-21,16.2,38596.46875,2382.4980709876545
2024-06-24,16.3,38804.6484375,2380.653278374233
2024-06-25,16.6,39173.1484375,2359.8282191265057
2024-06-26,16.7,39667.0703125,2375.2736714071857
2024-06-27,16.62,39341.5390625,2367.120280535499
2024-06-28,16.74,39583.078125,2364.580533154122
2024-07-01,16.84,39631.05859375,2353.3882775385987
2024-07-02,17.06,40074.69140625,2349.044044915006
2024-07-03,17.16,40580.76171875,2364.84625400641
2024-07-04,17.35,40913.6484375,2358.135356628242
2024-07-05,17.28,40912.37109375,2367.614067925347
2024-07-08,17.17,40780.69921875,2375.1135246796734
2024-07-09,17.36,41580.171875,2395.1711909562214
2024-07-10,17.46,41831.98828125,2395.8756174828177
2024-07-11,17.58,42224.01953125,2401.8213612770196
2024-07-12,17.27,41190.6796875,2385.1001556166766
2024-07-16,17.33,41275.078125,2381.7125288517027
2024-07-17,17.38,41097.69140625,2364.6542811421177
2024-07-18,17.06,40126.3515625,2352.0721900644785
2024-07-19,17.0,40063.7890625,2356.693474264706
2024-07-22,16.81,39599.0,2355.6811421772754
2024-07-23,16.77,39594.390625,2361.025081991652
2024-07-24,16.54,39154.8515625,2367.2824402962515
2024-07-25,16.0,37869.51171875,2366.844482421875
2024-07-26,15.91,37667.41015625,2367.530493793212
2024-07-29,16.27,38468.62890625,2364.3902216502765
2024-07-30,16.25,38525.94921875,2370.8276442307692
2024-07-31,16.44,39101.8203125,2378.456223388078
2024-08-01,15.83,38126.328125,2408.485668035376
2024-08-02,14.9,35909.69921875,2410.0469274328857
2024-08-05,13.01,31458.419921875,2418.0184413431975
2024-08-06,14.26,34675.4609375,2431.6592522791025
2024-08-07,14.59,35089.62109375,2405.0459968300206
2024-08-08,14.35,34831.1484375,2427.257730836237
2024-08-09,14.43,35025.0,2427.2349272349275
2024-08-13,14.85,36232.51171875,2439.899779040404
2024-08-14,15.02,36442.4296875,2426.260298768309
2024-08-15,15.15,36726.640625,2424.200701320132
2024-08-16,15.64,38062.671875,2433.674672314578
2024-08-19,15.41,37388.62109375,2426.2570469662555
2024-08-20,15.57,38062.921875,2444.632105009634
2024-08-21,15.55,37951.80078125,2440.630275321543
2024-08-22,15.59,38211.01171875,2450.9949787524056
2024-08-23,15.67,38364.26953125,2448.2622547064457
2024-08-26,15.51,38110.21875,2457.1385396518376
2024-08-27,15.62,38288.62109375,2451.25615196863
2024-08-28,15.71,38371.76171875,2442.5055199713556
2024-08-29,15.72,38362.53125,2440.364583333333
2024-08-30,15.83,38647.75,2441.424510423247
2024-09-02,15.87,38700.87109375,2438.6182163673598
2024-09-03,15.94,38686.30859375,2426.9955203105396
2024-09-04,15.3,37047.609375,2421.4123774509803
2024-09-05,15.19,36657.08984375,2413.2383043943387
2024-09-06,15.03,36391.46875,2421.2554058549567
2024-09-09,14.92,36215.75,2427.32908847185
2024-09-10,14.86,36159.16015625,2433.32167942463
2024-09-11,14.61,35619.76953125,2438.0403512149214
2024-09-12,15.01,36833.26953125,2453.9153585109925
2024-09-13,14.88,36581.76171875,2458.451728410618
2024-09-17,14.76,36203.21875,2452.7925982384822
2024-09-18,14.79,36380.171875,2459.7817359702503
2024-09-19,15.13,37155.328125,2455.738805353602
2024-09-20,15.3,37723.91015625,2465.615042892157
2024-09-24,15.39,37940.58984375,2465.2754934210525
2024-09-25,15.34,37870.26171875,2468.726318041069
2024-09-26,15.74,38925.62890625,2473.038685276366
2024-09-27,15.9,39829.55859375,2505.0036851415093
2024-09-30,15.27,37919.55078125,2483.271171005239
2024-10-01,15.6,38651.96875,2477.6903044871797
2024-10-02,15.36,37808.76171875,2461.5079243977866
2024-10-03,15.56,38552.05859375,2477.6387271047556
2024-10-04,15.61,38635.62109375,2475.0558035714284
2024-10-07,15.88,39332.73828125,2476.872687736146
2024-10-08,15.64,38937.5390625,2489.612472026854
2024-10-09,15.7,39277.9609375,2501.780951433121
2024-10-10,15.75,39380.890625,2500.374007936508
2024-10-11,15.77,39605.80078125,2511.464856135067
2024-10-15,15.87,39910.55078125,2514.842519297417
2024-10-16,15.66,39180.30078125,2501.9349157886336
2024-10-17,15.64,38911.19140625,2487.9278392742967
2024-10-18,15.65,38981.75,2490.8466453674123
2024-10-21,15.61,38954.6015625,2495.4901705637412
2024-10-22,15.45,38411.9609375,2486.2110639158577
2024-10-23,15.38,38104.859375,2477.559127113134
2024-10-24,15.37,38143.2890625,2481.671376870527
2024-10-25,15.28,37913.921875,2481.277609620419
2024-10-28,15.52,38605.53125,2487.4697970360826
2024-10-29,15.66,38903.6796875,2484.2707335568325
2024-10-30,15.84,39277.390625,2479.633246527778
2024-10-31,15.76,39081.25,2479.7747461928934
2024-11-01,15.48,38053.671875,2458.2475371447026
2024-11-05,15.58,38474.8984375,2469.505676347882
2024-11-06,15.91,39480.671875,2481.5004321181646
2024-11-07,16.08,39381.41015625,2449.092671408582
2024-11-08,16.22,39500.37109375,2435.2879835850804
2024-11-11,16.19,39533.3203125,2441.835720352069
2024-11-12,16.19,39376.08984375,2432.1241410592957
2024-11-13,15.93,38721.66015625,2430.7382395637164
2024-11-14,15.89,38535.69921875,2425.1541358558843
2024-11-15,15.82,38642.91015625,2442.6618303571427
2024-11-18,15.68,38220.8515625,2437.554308832908
2024-11-19,15.78,38414.4296875,2434.3745049112804
2024-11-20,15.63,38352.33984375,2453.7645453454893
2024-11-21,15.53,38026.171875,2448.562258531874
2024-11-22,15.6,38283.8515625,2454.093048878205
2024-11-25,15.74,38780.140625,2463.795465374841
2024-11-26,15.56,38442.0,2470.5655526992286
2024-11-27,15.42,38134.96875,2473.084873540856
2024-11-28,15.55,38349.05859375,2466.177401527331
2024-11-29,15.5,38208.03125,2465.0342741935483
2024-12-02,15.69,38513.01953125,2454.622022386871
2024-12-03,15.94,39248.859375,2462.287288268507
2024-12-04,15.86,39276.390625,2476.4432928751576
2024-12-05,15.86,39395.6015625,2483.959745428752
2024-12-06,15.77,39091.171875,2478.831444197844
2024-12-09,15.8,39160.5,2478.512658227848
2024-12-10,15.85,39367.578125,2483.7588722397477
2024-12-11,15.9,39372.23046875,2476.2409099842766
2024-12-12,16.05,39849.140625,2482.8125
2024-12-13,15.87,39470.44140625,2487.110359562067
2024-12-16,15.84,39457.48828125,2491.003048058712
2024-12-17,15.79,39364.6796875,2493.0132797656747
2024-12-18,15.73,39081.7109375,2484.5334353146854
2024-12-19,15.68,38813.578125,2475.3557477678573
2024-12-20,15.61,38701.8984375,2479.301629564382
2024-12-23,15.77,39161.33984375,2483.280903218136
2024-12-24,15.77,39036.8515625,2475.386909480025
2024-12-25,15.84,39130.4296875,2470.355409564394
2024-12-26,16.04,39568.05859375,2466.8365706826685
2024-12-27,16.25,40281.16015625,2478.840625
2024-12-30,16.14,39894.5390625,2471.7806110594793
2025-01-06,15.96,39307.05078125,2462.847793311403
2025-01-07,16.17,40083.30078125,2478.8683228973405
2025-01-08,16.06,39981.05859375,2489.480609822541
2025-01-09,15.86,39605.08984375,2497.1683381935686
2025-01-10,15.7,39190.3984375,2496.203722133758
2025-01-14,15.52,38474.30078125,2479.0142255960054
2025-01-15,15.56,38444.578125,2470.731241966581
2025-01-16,15.54,38572.6015625,2482.149392696268
2025-01-17,15.48,38451.4609375,2483.94450500646
2025-01-20,15.68,38902.5,2481.026785714286
2025-01-21,15.68,39027.98046875,2489.029366629464
2025-01-22,15.84,39646.25,2502.9198232323233
2025-01-23,15.94,39958.87109375,2506.830056069636
2025-01-24,15.92,39931.98046875,2508.290230449121
2025-01-27,15.96,39565.80078125,2479.060199326441
2025-01-28,15.91,39016.87109375,2452.348905955374
2025-01-29,16.04,39414.78125,2457.2806265586037
2025-01-30,16.05,39513.96875,2461.9295171339563
2025-01-31,16.09,39572.48828125,2459.4461330795525
2025-02-03,15.61,38520.08984375,2467.65469851057
2025-02-04,15.78,38798.37109375,2458.7053925063374
2025-02-05,15.79,38831.48046875,2459.245121516783
2025-02-06,15.44,39066.53125,2530.215754533679
2025-02-07,15.36,38787.01953125,2525.1965840657554
2025-02-10,15.21,38801.171875,2551.030366535174
2025-02-12,15.2,38963.69921875,2563.4012643914475
2025-02-13,15.39,39461.46875,2564.098034437947
2025-02-14,15.37,39149.4296875,2547.13270575797
2025-02-17,15.32,39174.25,2557.0659268929503
2025-02-18,15.4,39270.3984375,2550.025872564935
2025-02-19,15.34,39164.609375,2553.103609843546
2025-02-20,15.15,38678.0390625,2553.0058787128714
2025-02-21,15.17,38776.94140625,2556.1596180784445
2025-02-25,15.1,38237.7890625,2532.3039114238413
2025-02-26,15.05,38142.37109375,2534.376816860465
2025-02-27,15.16,38256.171875,2523.494187005277
2025-02-28,14.83,37155.5,2505.428186109238
2025-03-03,15.11,37785.46875,2500.692835870285
2025-03-04,15.0,37331.1796875,2488.7453125
2025-03-05,15.04,37418.23828125,2487.914779338431
2025-03-06,15.21,37704.9296875,2478.9565869493754
2025-03-07,14.93,36887.171875,2470.674606496986
2025-03-10,14.9,37028.26953125,2485.1187604865772
2025-03-11,14.73,36793.109375,2497.834988119484
2025-03-12,14.84,36819.08984375,2481.0707441880054
2025-03-13,14.85,36790.03125,2477.443181818182
2025-03-14,14.94,37053.1015625,2480.127279953146
2025-03-17,15.12,37396.51953125,2473.3147838128307
2025-03-18,15.32,37845.421875,2470.327798629243
2025-03-19,15.41,37751.87890625,2449.8299095554835
2025-03-21,15.44,37677.05859375,2440.224002185881
2025-03-24,15.38,37608.48828125,2445.2853238784132
2025-03-25,15.42,37780.5390625,2450.0998095006485
2025-03-26,15.51,38027.2890625,2451.791686814958
2025-03-27,15.5,37799.96875,2438.7076612903224
2025-03-28,15.17,37120.328125,2446.9563694792355
2025-03-31,14.63,35617.55859375,2434.5562948564593
2025-04-01,14.67,35624.48046875,2428.3899433367415
2025-04-02,14.62,35725.87109375,2443.63003377223
2025-04-03,14.14,34735.9296875,2456.5721136845827
2025-04-04,13.67,33780.578125,2471.1469001463056
2025-04-07,12.59,31136.580078125,2473.1199426628277
2025-04-08,13.4,33012.578125,2463.6252332089553
2025-04-09,12.91,31714.029296875,2456.5475830267233
2025-04-10,13.98,34609.0,2475.6080114449214
2025-04-11,13.51,33585.578125,2485.9791358253146
2025-04-14,13.62,33982.359375,2495.0337279735686
2025-04-15,13.79,34267.5390625,2484.9556970630892
2025-04-16,13.69,33920.3984375,2477.7500684806428
2025-04-17,13.89,34377.6015625,2474.9893133549317
2025-04-18,14.07,34730.28125,2468.392412935323
2025-04-21,13.87,34279.921875,2471.515636265321
2025-04-22,13.86,34220.6015625,2469.018871753247
2025-04-23,14.17,34868.62890625,2460.735984915314
2025-04-24,14.23,35039.1484375,2462.343530393535
2025-04-25,14.54,35705.73828125,2455.690390732462
2025-04-28,14.61,35839.98828125,2453.11350316564
2025-04-30,14.81,36045.37890625,2433.854078747468
2025-05-01,14.92,36452.30078125,2443.1836984752013
2025-05-02,14.83,36830.69140625,2483.526055714767
2025-05-07,14.85,36779.66015625,2476.7447916666665
2025-05-08,14.9,36928.62890625,2478.431470218121
2025-05-09,15.55,37503.328125,2411.789590032154
2025-05-12,15.62,37644.26171875,2410.003951264405
2025-05-13,16.02,38183.26171875,2383.474514279026
2025-05-14,15.88,38128.12890625,2401.015674197103
2025-05-15,16.29,37755.51171875,2317.7109710712093
2025-05-16,17.27,37753.71875,2186.0867834394903
2025-05-19,15.34,37498.62890625,2444.4999286994785
2025-05-20,15.35,37529.48828125,2444.9178033387625
2025-05-21,16.06,37298.98046875,2322.476990582192
2025-05-22,15.27,36985.87109375,2422.1264632449247
2025-05-23,15.35,37160.46875,2420.8774429967425
2025-05-26,15.46,37531.53125,2427.6540265200515
2025-05-27,15.56,37724.109375,2424.4286230719795
2025-05-28,15.56,37722.3984375,2424.3186656491002
2025-05-29,15.83,38432.98046875,2427.8572627132025
2025-05-30,15.74,37965.1015625,2412.014076397713
2025-06-02,15.57,37470.671875,2406.59421162492
2025-06-03,15.54,37446.80859375,2409.7045427123553
2025-06-04,15.62,37747.44921875,2416.6100652208706
2025-06-05,15.43,37554.48828125,2433.861845836034
2025-06-06,15.52,37741.609375,2431.8047277706187
2025-06-09,15.59,38088.5703125,2443.1411361449645
2025-06-10,15.6,38211.51171875,2449.4558794070513
2025-06-11,15.6,38421.19140625,2462.896885016026
2025-06-12,15.55,38173.08984375,2454.861083199357
2025-06-13,15.4,37834.25,2456.7694805194806
2025-06-16,15.52,38311.328125,2468.5134101159792
2025-06-17,15.57,38536.73828125,2475.0634734264613
2025-06-18,15.7,38885.1484375,2476.7610469745223
2025-06-19,15.58,38488.33984375,2470.368411023748
2025-06-20,15.46,38403.23046875,2484.0381933214744
2025-06-23,15.4,38354.08984375,2490.525314529221
2025-06-24,15.52,38790.55859375,2499.391661968428
2025-06-25,15.52,38942.0703125,2509.15401498067
2025-06-26,15.66,39584.578125,2527.7508381226053
2025-06-27,15.88,40150.7890625,2528.3872205604534
2025-06-30,15.95,40487.390625,2538.394396551724
2025-07-01,15.82,39986.328125,2527.5807917193424
2025-07-02,15.78,39762.48046875,2519.8023110741447
2025-07-03,15.78,39785.8984375,2521.2863395120407
2025-07-04,15.72,39810.87890625,2532.4986581583967
2025-07-07,15.62,39587.6796875,2534.4225152048657
2025-07-08,15.63,39688.80859375,2539.271183221369
2025-07-09,15.68,39821.28125,2539.6225286989797
2025-07-10,15.58,39646.359375,2544.6957236842104
2025-07-11,15.63,39569.6796875,2531.6493722008954
2025-07-14,15.62,39459.62109375,2526.224141725352
2025-07-15,15.64,39678.01953125,2536.957770540281
2025-07-16,15.6,39663.3984375,2542.5255408653848
2025-07-17,15.71,39901.19140625,2539.859414783577
2025-07-18,15.69,39819.109375,2537.865479604844
2025-07-22,15.71,39774.921875,2531.821888924252
2025-07-23,16.3,41171.3203125,2525.8478719325153
2025-07-24,16.6,41826.33984375,2519.6590267319275
2025-07-25,16.47,41456.23046875,2517.0753168639953
2025-07-28,16.36,40998.26953125,2506.006695064181
2025-07-29,16.22,40674.55078125,2507.6788397811347
2025-07-30,16.26,40654.69921875,2500.289004843173
2025-07-31,16.54,41069.8203125,2483.0604783857316
2025-08-01,16.53,40799.6015625,2468.215460526316
2025-08-04,16.41,40290.69921875,2455.252846968312
2025-08-05,16.51,40549.5390625,2456.059301181102
2025-08-06,16.76,40794.859375,2434.0608218973744
2025-08-07,16.81,41059.1484375,2442.543036139203
2025-08-08,17.25,41820.48046875,2424.375679347826
2025-08-12,17.54,42718.171875,2435.4716006271383
2025-08-13,17.68,43274.671875,2447.6624363687783
2025-08-14,17.47,42649.26171875,2441.2857308958214
2025-08-15,17.84,43378.30859375,2431.519540008408
2025-08-18,17.93,43714.30859375,2438.0540208449524
2025-08-19,17.9,43546.2890625,2432.7535789106146
2025-08-20,17.77,42888.55078125,2413.536903840743
2025-08-21,17.65,42610.171875,2414.1740439093487
2025-08-22,17.75,42633.2890625,2401.875440140845
2025-08-25,17.78,42807.8203125,2407.638937710911
2025-08-26,17.57,42394.3984375,2412.8855115253273
2025-08-27,17.57,42520.26953125,2420.049489541833
2025-08-28,17.71,42828.7890625,2418.3393033596835
2025-08-29,17.62,42718.46875,2424.430689557321
